File,Relative Path,Type
"Château-Chinon_1857-1863_3 Q 5_699_    1857-1863
_page3.jpg","Château-Chinon/1857-1863/Château-Chinon_1857-1863_3 Q 5_699_    1857-1863
_page3.jpg",2Ab
"Château-Chinon_1857-1863_3 Q 5_699_    1857-1863
_page20.jpg","Château-Chinon/1857-1863/Château-Chinon_1857-1863_3 Q 5_699_    1857-1863
_page20.jpg",2Ab
"Château-Chinon_1863-1869_3 Q 5_700_    1863-1869
_page51.jpg","Château-Chinon/1863-1869/Château-Chinon_1863-1869_3 Q 5_700_    1863-1869
_page51.jpg",2Ab
"Château-Chinon_1863-1869_3 Q 5_700_    1863-1869
_page52.jpg","Château-Chinon/1863-1869/Château-Chinon_1863-1869_3 Q 5_700_    1863-1869
_page52.jpg",2Ab
"Brinon-sur-Beuvron_01_01_1811-09_08_1819_3 Q 2_407_    1er janvier 1811-9 août 1819
_page12.jpg","Brinon-sur-Beuvron/1811-1819/Brinon-sur-Beuvron_01_01_1811-09_08_1819_3 Q 2_407_    1er janvier 1811-9 août 1819
_page12.jpg",1A
"Brinon-sur-Beuvron_01_01_1811-09_08_1819_3 Q 2_407_    1er janvier 1811-9 août 1819
_page4.jpg","Brinon-sur-Beuvron/1811-1819/Brinon-sur-Beuvron_01_01_1811-09_08_1819_3 Q 2_407_    1er janvier 1811-9 août 1819
_page4.jpg",1A
"Brinon-sur-Beuvron_01_01_1809-01_01_1811_3 Q 2_406_    1er janvier 1809-1er janvier 1811
_page6.jpg","Brinon-sur-Beuvron/1809-1811/Brinon-sur-Beuvron_01_01_1809-01_01_1811_3 Q 2_406_    1er janvier 1809-1er janvier 1811
_page6.jpg",1A
"Brinon-sur-Beuvron_01_01_1809-01_01_1811_3 Q 2_406_    1er janvier 1809-1er janvier 1811
_page3.jpg","Brinon-sur-Beuvron/1809-1811/Brinon-sur-Beuvron_01_01_1809-01_01_1811_3 Q 2_406_    1er janvier 1809-1er janvier 1811
_page3.jpg",1A
